{
  "version": "1.0",
  "defaultProvider": "cdnjs",
  "libraries": [
    {
      "library": "jquery@3.6.3",
      "destination": "wwwroot/lib/jquery/"
    },
    {
      "library": "bootstrap@5.2.3",
      "destination": "wwwroot/lib/bootstrap/",
      "files": [
        "css/bootstrap.css",
        "css/bootstrap.css.map",
        "css/bootstrap.min.css",
        "css/bootstrap.min.css.map",
        "js/bootstrap.bundle.js",
        "js/bootstrap.bundle.min.js"
      ]
    },
    {
      "library": "jquery-validation-unobtrusive@4.0.0",
      "destination": "wwwroot/lib/jquery-validation-unobtrusive/"
    },
    {
      "library": "jquery-validate@1.19.5",
      "destination": "wwwroot/lib/jquery-validate/",
      "files": [
        "jquery.validate.min.js",
        "jquery.validate.js"
      ]
    }
  ]
}